"0","library(ggplot2)"
"0","library(flowCore)"
"0","library(ggcyto)"
"2","Loading required package: ncdfFlow
"
"2","Loading required package: RcppArmadillo
"
"2","Loading required package: BH
"
"2","Loading required package: flowWorkspace
"
"2","Registered S3 method overwritten by 'data.table':
  method           from
  print.data.table     
"
"2","As part of improvements to flowWorkspace, some behavior of
GatingSet objects has changed. For details, please read the section
titled ""The cytoframe and cytoset classes"" in the package vignette:

  vignette(""flowWorkspace-Introduction"", ""flowWorkspace"")
"
"0","library(tidyverse)"
"2","Registered S3 methods overwritten by 'dbplyr':
  method         from
  print.tbl_lazy     
  print.tbl_sql      
"
"2","-- [1mAttaching packages[22m -------------------------------------------------------------------------------------------- tidyverse 1.3.2 --"
"2","[32mv[39m [34mtibble [39m 3.1.8      [32mv[39m [34mdplyr  [39m 1.0.10
[32mv[39m [34mtidyr  [39m 1.2.1      [32mv[39m [34mstringr[39m 1.5.0 
[32mv[39m [34mreadr  [39m 2.1.3      [32mv[39m [34mforcats[39m 0.5.2 
[32mv[39m [34mpurrr  [39m 0.3.5      "
"2","-- [1mConflicts[22m ----------------------------------------------------------------------------------------------- tidyverse_conflicts() --
[31mx[39m [34mggcyto[39m::[32m%+%()[39m   masks [34mggplot2[39m::%+%()
[31mx[39m [34mdplyr[39m::[32mfilter()[39m masks [34mncdfFlow[39m::filter(), [34mflowCore[39m::filter(), [34mstats[39m::filter()
[31mx[39m [34mdplyr[39m::[32mlag()[39m    masks [34mstats[39m::lag()"
"0","library(knitr)"
"0","library(gridExtra)"
"2","
Attaching package: â€˜gridExtraâ€™

"
"2","The following object is masked from â€˜package:dplyrâ€™:

    combine

"
